<?xml version="1.0"?>
<doc>
    <assembly>
        <name>prodmanAPI</name>
    </assembly>
    <members>
        <member name="M:prodmanAPI.Controllers.ProductCategoriesController.GetCategories">
            <summary>
            GetCategories
            </summary>
            <returns>A list of categories</returns>
        </member>
        <member name="M:prodmanAPI.Controllers.ProductCategoriesController.GetProductsFromCategory(System.Int32)">
            <summary>
            GetProductsFromCategory
            </summary>
            <param name="catalog_id"></param>
            <returns></returns>
        </member>
        <member name="M:prodmanAPI.Controllers.ProductCategoriesController.GetProductFromCategoryById(System.Int32,System.Int32)">
            <summary>
            GetProductFromCategoryById
            </summary>
            <param name="catalog_id"></param>
            <param name="product_id"></param>
            <returns></returns>
        </member>
        <member name="M:prodmanAPI.Controllers.ProductCategoriesController.GetCategoryById(System.Int32)">
            <summary>
            GetCategoryById
            </summary>
            <param name="id"></param>
            <returns></returns>
        </member>
        <member name="M:prodmanAPI.Controllers.ProductCategoriesController.CreateCategory(prodmanAPI.Models.ProductCategory)">
            <summary>
            CreateCategory
            </summary>
            <param name="productCategory"></param>
            <returns></returns>
        </member>
        <member name="M:prodmanAPI.Controllers.ProductCategoriesController.AddProductToCategory(System.Int32,prodmanAPI.Models.Product)">
            <summary>
            AddProductToCategory
            </summary>
            <param name="catalog_id"></param>
            <returns></returns>
        </member>
        <member name="M:prodmanAPI.Controllers.ProductCategoriesController.UpdateCategory(prodmanAPI.Models.ProductCategory)">
            <summary>
            UpdateCategory
            </summary>
            <param name="productCategory"></param>
            <returns></returns>
        </member>
        <member name="M:prodmanAPI.Controllers.ProductCategoriesController.DeleteCategoryById(System.Int32)">
            <summary>
            DeleteCategoryById - Also delete all products in category
            </summary>
            <param name="id"></param>
        </member>
        <member name="M:prodmanAPI.Controllers.ProductsController.GetProducts">
            <summary>
            GetProducts
            </summary>
            <returns></returns>
        </member>
        <member name="M:prodmanAPI.Controllers.ProductsController.GetProductById(System.Int32)">
            <summary>
            GetProductById
            </summary>
            <param name="id"></param>
            <returns></returns>
        </member>
        <member name="M:prodmanAPI.Controllers.ProductsController.GetProductsByAttr(System.String,System.String)">
            <summary>
            GetProductsByAttr
            </summary>
            <param name="attr_name"></param>
            <param name="attr_value"></param>
            <returns></returns>
        </member>
        <member name="M:prodmanAPI.Controllers.ProductsController.CreateProduct(prodmanAPI.Models.Product)">
            <summary>
            CreateProduct
            </summary>
            <param name="product"></param>
            <returns></returns>
        </member>
        <member name="M:prodmanAPI.Controllers.ProductsController.UpdateProduct(prodmanAPI.Models.Product)">
            <summary>
            UpdateProduct
            </summary>
            <param name="product"></param>
            <returns></returns>
        </member>
        <member name="M:prodmanAPI.Controllers.ProductsController.DeleteProductById(System.Int32)">
            <summary>
            DeleteProductById
            </summary>
            <param name="id"></param>
        </member>
    </members>
</doc>
